{"_runtime":1603.628941,"_step":14123,"_timestamp":1721163675.8979487,"_wandb":{"runtime":1603},"bm_x":1.0844375628761913,"bm_y":-0.3808941077663947,"gp_x_mse":23.541718427240404,"gp_y_mse":3.2634117555558735,"nn_x_mse":21.923023950900962,"nn_y_mse":3.1735035225947184,"pose_theta":1.5749270714628982,"res_x":0.00006487073870653504,"res_y":0.00023987749241510814,"velocity_x":2.267911300800811,"velocity_y":0,"x":1.0844375628761913,"y":-0.3808941077663947}