{"_runtime":1771.235602,"_step":6556,"_timestamp":1721032946.783106,"_wandb":{"runtime":1771},"bm_x":1.1238180946966025,"bm_y":-0.4083753408042094,"gp_error_x":-0.04668666397818967,"gp_error_y":0.08733445891756184,"nn_error_x":-0.8297377960154191,"nn_error_y":-1.3215919362512747,"pose_theta":1.5055498714612268,"res_x":-0.0007550529586415333,"res_y":-0.08795477684641123,"velocity_x":8.795801768498624,"velocity_y":0,"x":-0.0007550529586415333,"y":-0.08795477684641123}