{"_runtime":51.772669,"_step":119,"_timestamp":1721028894.690956,"_wandb":{"runtime":53},"bm_x":-7.841786941445387,"bm_y":11.199506540105089,"gp_error_x":-0.08576062042061934,"gp_error_y":0.03798150777807342,"nn_error_x":-0.10043582774528534,"nn_error_y":0.23647034702552835,"res_x":0.09376149851583104,"res_y":-0.02832777884003157,"x":0.09376149851583104,"y":-0.02832777884003157}