{"_runtime":71.350367,"_step":256,"_timestamp":1721161151.886094,"_wandb":{"runtime":73},"bm_x":2.1960965087456366,"bm_y":0.3668004295374292,"gp_x_mse":1.7579077477759063e-7,"gp_y_mse":8.284535749661063e-7,"nn_x_mse":0.00010301638231663783,"nn_y_mse":0.0020128758677778196,"pose_theta":5.878682168311483,"res_x":-0.00015144063034133737,"res_y":-0.00039239329542034573,"velocity_x":1.3741303932535667,"velocity_y":0,"x":2.1960965087456366,"y":0.3668004295374292}