{"_runtime":3.336699,"_step":100,"_timestamp":1721161032.74601,"_wandb":{"runtime":3},"bm_x":1.5253428269546438,"bm_y":0.5952315147505993,"pose_theta":0.13297110320788869,"res_x":0.00004220168087387677,"res_y":0.0006534924073925419,"velocity_x":1.364047097514039,"velocity_y":0,"x":1.5253428269546438,"y":0.5952315147505993}