{"_runtime":1013.493735,"_step":649,"_timestamp":1721028406.640175,"_wandb":{"runtime":1027},"bm_x":-47.40585064936114,"bm_y":21.076452312889558,"error_x":-0.0040357615772919075,"error_y":-0.04146621577089604,"res_x":-0.004656709177652374,"res_y":0.04298366414150223,"x":-0.008692470754944281,"y":0.0015174483706061892}