{"_runtime":275.681061,"_step":800,"_timestamp":1721031099.385374,"_wandb":{"runtime":289},"bm_x":-30.032357808956174,"bm_y":20.964623302785352,"gp_error_x":-0.0869523180025749,"gp_error_y":0.06738947090782507,"nn_error_x":-0.9968604728135211,"nn_error_y":-0.21221361730856755,"pose_theta":2.539074140455302,"res_x":0.0900033010039678,"res_y":-0.06323947845770306,"velocity_x":10.999920830266483,"velocity_y":0,"x":0.0900033010039678,"y":-0.06323947845770306}