{"_runtime":28.0135,"_step":208,"_timestamp":1721161186.613258,"_wandb":{"runtime":28},"bm_x":1.9964618825171776,"bm_y":0.4585336360606333,"gp_x_mse":7.389179644795893e-10,"gp_y_mse":1.5711169134015312e-9,"nn_x_mse":0.00009102518294377137,"nn_y_mse":0.00022351455309637977,"pose_theta":5.942797795009723,"res_x":0.0000225238477502554,"res_y":0.000049215536706448404,"velocity_x":1.3731039581362197,"velocity_y":0,"x":1.9964618825171776,"y":0.4585336360606333}