{"_runtime":451.158387,"_step":3328,"_timestamp":1721024584.494015,"_wandb":{"runtime":454},"error_x":0.2873543346240417,"error_y":-0.0002596180484372157}