{"_runtime":2.901293,"_step":0,"_timestamp":1721030621.447962,"_wandb":{"runtime":2},"bm_x":0.7,"bm_y":0,"pose_theta":1.37079632679,"res_x":0,"res_y":0,"velocity":1.37079632679,"x":0,"y":0}