{"_runtime":8.359712,"_step":100,"_timestamp":1721030793.1665862,"_wandb":{"runtime":9},"bm_x":0.20927917150536166,"bm_y":4.4996855635409565,"pose_theta":2.3341989257732227,"res_x":0.05794165756607764,"res_y":-0.06188261835256359,"velocity_x":8.477437192733197,"velocity_y":0,"x":0.05794165756607764,"y":-0.06188261835256359}