{"_runtime":1544.187101,"_step":1340,"_timestamp":1721030447.535136,"_wandb":{"runtime":1554},"bm_x":-46.133440731955794,"bm_y":15.720523042139892,"gp_error_x":0.03196093418948195,"gp_error_y":-0.07608104527301653,"nn_error_x":-0.12389415341780516,"nn_error_y":-0.19037265412461324,"res_x":-0.028142527125041283,"res_y":0.08402023420102367,"x":-0.028142527125041283,"y":0.08402023420102367}