{"_runtime":455.379332,"_step":3328,"_timestamp":1721023803.520285,"_wandb":{"runtime":465},"error_x":0.2873233576128491,"error_y":-0.0002596180484372157}