{"_runtime":358.03952,"_step":3328,"_timestamp":1721023195.338112,"_wandb":{"runtime":360},"error_x":0.28731919850085386,"error_y":-0.0002596180484372157}