{"_runtime":11.904989,"_step":133,"_timestamp":1721161366.013943,"_wandb":{"runtime":12},"bm_x":2.3371846377758727,"bm_y":0.34551064328683856,"gp_x_mse":9.903100773153108e-8,"gp_y_mse":9.076590686975425e-7,"nn_x_mse":0.0005363732747541456,"nn_y_mse":0.00014376093945265146,"pose_theta":5.643772964305676,"res_x":-0.0017258425651092146,"res_y":-0.001717492537768428,"velocity_x":2.6022575500434173,"velocity_y":0,"x":2.3371846377758727,"y":0.34551064328683856}