{"_runtime":5.276632,"_step":3328,"_timestamp":1721027247.856328,"_wandb":{"runtime":7},"bm_x":1.1238192808796006,"bm_y":-0.4082371644555307,"error_x":0.2873543346240417,"error_y":-0.0002596180484372157,"res_x":-0.28336817352101207,"res_y":0,"x":0.0039861611030296284,"y":-0.0002596180484372157}