{"_runtime":76.934213,"_step":875,"_timestamp":1721161645.261823,"_wandb":{"runtime":76},"bm_x":19.761481454856256,"bm_y":1.5048470849833961,"gp_x_mse":1.8343967411896906,"gp_y_mse":0.011023225731096995,"nn_x_mse":1.6167798782986125,"nn_y_mse":0.01079096190944596,"pose_theta":0.07715636131647577,"res_x":0.0003158461799586121,"res_y":0.00016062345104472797,"velocity_x":2.547881558971423,"velocity_y":0,"x":19.761481454856256,"y":1.5048470849833961}