{"_runtime":46.09283,"_step":223,"_timestamp":1721161257.653109,"_wandb":{"runtime":46},"bm_x":2.059123645426409,"bm_y":0.43059054143154585,"gp_x_mse":7.079971020635962e-10,"gp_y_mse":1.4760953356175363e-9,"nn_x_mse":0.0010456559324956388,"nn_y_mse":0.0016426822963945533,"pose_theta":5.904732170575581,"res_x":0.000014756575040131281,"res_y":0.000029608811001058388,"velocity_x":1.3735138629794914,"velocity_y":0,"x":2.059123645426409,"y":0.43059054143154585}