{"_runtime":5.654483,"_step":3328,"_timestamp":1721025912.9548979,"_wandb":{"runtime":10},"error_x":0.2873543346240417,"error_y":-0.0002596180484372157}