{"_runtime":164.616636,"_step":1121,"_timestamp":1721161559.173651,"_wandb":{"runtime":169},"bm_x":25.487894831493936,"bm_y":1.9323854380213523,"gp_x_mse":2.2442006591615212e-7,"gp_y_mse":2.0375502731475164e-8,"nn_x_mse":0.0002304868736482179,"nn_y_mse":0.00013730842468042835,"pose_theta":0.06925474308216013,"res_x":0.0003627287018694858,"res_y":0.000037239821034873444,"velocity_x":2.7120520306760367,"velocity_y":0,"x":25.487894831493936,"y":1.9323854380213523}