{"_runtime":12.941288,"_step":165,"_timestamp":1721161275.495708,"_wandb":{"runtime":12},"bm_x":4.468047610333417,"bm_y":-0.9678999073355108,"gp_x_mse":3.857089475565176e-8,"gp_y_mse":1.3187084799433774e-9,"nn_x_mse":0.20286993050003393,"nn_y_mse":0.01586774607807431,"pose_theta":5.08282989762262,"res_x":-0.001639788744098425,"res_y":-0.0005009072522312863,"velocity_x":6.8070389207502675,"velocity_y":0,"x":4.468047610333417,"y":-0.9678999073355108}